ASSET_ID,ASSET_TYPE,STATUS_JIRA,MAC_ADDRESS,LAST_SEEN_NETWORK,ASSIGNED_USER,WARRANTY_EXPIRY
AST-1001,Laptop,In Use,00:1A:2B:3C:4D:5E,2026-10-05,irem.akyol,31-12-2027
AST-1002,Server,In Use,,2026-10-08,it_ops_team,2024-05-10
AST-1003,Laptop,In Use,00-1A-2B-3C-XX,2026-01-15,,11/20/2025
AST-1004,Monitor,Retired,N/A,2026-10-07,tarik.yilmaz,2023-01-15
AST-1005,Laptop,In Stock,00:1B:44:11:3A:B7,,,2028-09-01
AST-1006,Server,Maintenance,00:14:22:01:23:45,2026-10-08,system_admin,12-05-2026
AST-1007,Laptop,In Use,00:1A:2B:3C:4D:5F,2025-11-20,zeynep.kaya,05.08.2024
AST-1008,Network_Switch,In Use,00:1A:2B:3C:4D,2026-10-08,network_team,2029-12-31
AST-1009,Laptop,Missing,00:1C:B3:09:85:15,2026-06-10,emre.yildiz,2025-07-21
AST-1010,Tablet,In Use,00:1A:2B:3C:4D:6A,2026-10-01,,02/28/2026
